Images,Disc Area,Cup Area,Rim Area,Cup Height,Cup Width,Disc Height,Disc Width,ACDR,VCDR,HCDR,Glaucoma Decision
17521.jpg,113648,44815,68833,234,239,400,365,0.394,0.585,0.655,NORMAL
18499.jpg,144479,50264,94215,262,244,444,426,0.348,0.59,0.573,NORMAL
35977.jpg,111283,31002,80281,205,203,381,372,0.279,0.538,0.546,NORMAL
37749.jpg,148909,57685,91224,264,274,460,414,0.387,0.574,0.662,NORMAL
39636.jpg,157774,43676,114098,233,240,444,454,0.277,0.525,0.529,NORMAL
46109.jpg,146297,47064,99233,263,232,477,390,0.322,0.551,0.595,NORMAL
51763.jpg,142505,50943,91562,261,255,449,401,0.357,0.581,0.636,NORMAL
64744.jpg,113906,36475,77431,201,234,371,389,0.32,0.542,0.602,NORMAL
66557.jpg,169145,46449,122696,240,247,481,453,0.275,0.499,0.545,NORMAL
67239.jpg,129428,51332,78096,262,248,422,388,0.397,0.621,0.639,GLAUCOMA  SUSUPECT
69707.jpg,143681,64772,78909,324,264,447,413,0.451,0.725,0.639,GLAUCOMA  SUSUPECT
70718.jpg,143672,51556,92116,262,256,445,423,0.359,0.589,0.605,NORMAL
81590.jpg,132095,38747,93348,232,213,452,370,0.293,0.513,0.576,NORMAL
82021.jpg,149183,60224,88959,276,280,438,432,0.404,0.63,0.648,GLAUCOMA  SUSUPECT
IMG_2431.JPG,151831,34660,117171,206,219,459,418,0.228,0.449,0.524,NORMAL
IMG_2432.JPG,148463,58102,90361,262,280,460,410,0.391,0.57,0.683,NORMAL
IMG_2433.JPG,138147,55681,82466,251,270,438,404,0.403,0.573,0.668,GLAUCOMA  SUSUPECT
IMG_2434.JPG,142175,54475,87700,271,262,461,386,0.383,0.588,0.679,NORMAL
IMG_2438.JPG,153419,31915,121504,206,204,486,410,0.208,0.424,0.498,NORMAL
IMG_2439.JPG,131305,40030,91275,236,224,409,398,0.305,0.577,0.563,NORMAL
IMG_2440.JPG,133022,45427,87595,238,226,424,396,0.341,0.561,0.571,NORMAL
IMG_2443.JPG,162369,50093,112276,266,240,470,438,0.309,0.566,0.548,NORMAL
IMG_2444.JPG,148657,50515,98142,248,254,449,427,0.34,0.552,0.595,NORMAL
IMG_2445.JPG,136302,45939,90363,277,220,417,413,0.337,0.664,0.533,GLAUCOMA  SUSUPECT
IMG_2446.JPG,140605,41532,99073,214,244,428,419,0.295,0.5,0.582,NORMAL
IMG_2447.JPG,140556,52090,88466,236,271,408,434,0.371,0.578,0.624,NORMAL
IMG_2448.JPG,127663,40783,86880,207,256,403,404,0.319,0.514,0.634,NORMAL
IMG_2449.JPG,160307,73001,87306,282,336,462,444,0.455,0.61,0.757,GLAUCOMA  SUSUPECT
IMG_2450.JPG,137472,57481,79991,254,290,435,400,0.418,0.584,0.725,GLAUCOMA  SUSUPECT
IMG_2451.JPG,133551,39225,94326,234,217,446,377,0.294,0.525,0.576,NORMAL
IMG_2452.JPG,146760,49746,97014,257,241,458,399,0.339,0.561,0.604,NORMAL
IMG_2453.JPG,185520,64626,120894,278,302,496,482,0.348,0.56,0.627,NORMAL
IMG_2454.JPG,191206,62601,128605,277,288,523,451,0.327,0.53,0.639,NORMAL
IMG_2456.JPG,124327,31774,92553,218,196,458,349,0.256,0.476,0.562,NORMAL
IMG_2457.JPG,163777,40038,123739,224,222,469,437,0.244,0.478,0.508,NORMAL
IMG_2458.JPG,162282,58410,103872,264,285,456,456,0.36,0.579,0.625,NORMAL
IMG_2459.JPG,133934,57476,76458,280,254,441,388,0.429,0.635,0.655,GLAUCOMA  SUSUPECT
IMG_2460.JPG,150487,70591,79896,305,290,460,412,0.469,0.663,0.704,GLAUCOMA  SUSUPECT
IMG_2463.JPG,172869,76808,96061,316,296,509,431,0.444,0.621,0.687,GLAUCOMA  SUSUPECT
IMG_2464.JPG,167397,66562,100835,296,286,491,436,0.398,0.603,0.656,GLAUCOMA  SUSUPECT
IMG_2465.JPG,131512,43867,87645,218,251,409,413,0.334,0.533,0.608,NORMAL
IMG_2466.JPG,127782,45398,82384,236,250,415,398,0.355,0.569,0.628,NORMAL
IMG_2467.JPG,176094,66971,109123,310,264,524,415,0.38,0.592,0.636,NORMAL
IMG_2468.JPG,170228,65503,104725,309,277,518,425,0.385,0.597,0.652,NORMAL
IMG_2469.JPG,152817,50563,102254,255,251,445,430,0.331,0.573,0.584,NORMAL
IMG_2470.JPG,162378,58313,104065,253,280,452,446,0.359,0.56,0.628,NORMAL
IMG_2471.JPG,131498,40612,90886,236,215,437,382,0.309,0.54,0.563,NORMAL
IMG_2472.JPG,123632,43706,79926,233,233,418,372,0.354,0.557,0.626,NORMAL
IMG_2475.JPG,147084,42914,104170,224,239,460,409,0.292,0.487,0.584,NORMAL
IMG_2476.JPG,154122,52979,101143,268,255,468,422,0.344,0.573,0.604,NORMAL
IMG_2477.JPG,142254,44125,98129,236,241,456,398,0.31,0.518,0.606,NORMAL
IMG_2478.JPG,133581,51317,82264,254,258,430,406,0.384,0.591,0.635,NORMAL
IMG_2479.JPG,119304,42445,76859,241,215,402,381,0.356,0.6,0.564,NORMAL
IMG_2480.JPG,134758,61887,72871,273,281,408,416,0.459,0.669,0.675,GLAUCOMA  SUSUPECT
IMG_2481.JPG,134726,47333,87393,229,262,420,413,0.351,0.545,0.634,NORMAL
IMG_2482.JPG,124046,41800,82246,216,231,413,381,0.337,0.523,0.606,NORMAL
IMG_2483.JPG,117241,30554,86687,206,190,380,374,0.261,0.542,0.508,NORMAL
IMG_2484.JPG,173864,44932,128932,237,245,487,454,0.258,0.487,0.54,NORMAL
IMG_2485.JPG,144572,44129,100443,240,237,437,410,0.305,0.549,0.578,NORMAL
IMG_2486.JPG,113441,38147,75294,216,225,398,356,0.336,0.543,0.632,NORMAL
IMG_2487.JPG,108439,28478,79961,192,186,395,346,0.263,0.486,0.538,NORMAL
IMG_2488.JPG,138826,33571,105255,189,218,408,432,0.242,0.463,0.505,NORMAL
IMG_2489.JPG,143661,35444,108217,196,241,433,425,0.247,0.453,0.567,NORMAL
IMG_2490.JPG,146801,52698,94103,260,251,432,436,0.359,0.602,0.576,GLAUCOMA  SUSUPECT
IMG_2491.JPG,149152,49238,99914,250,252,446,426,0.33,0.561,0.592,NORMAL
IMG_2492.JPG,113102,27872,85230,190,183,383,377,0.246,0.496,0.485,NORMAL
IMG_2493.JPG,111224,25217,86007,174,181,389,355,0.227,0.447,0.51,NORMAL
IMG_2494.JPG,88719,27814,60905,200,174,369,306,0.314,0.542,0.569,NORMAL
IMG_2495.JPG,100497,33459,67038,201,212,390,325,0.333,0.515,0.652,NORMAL
IMG_2496.JPG,165501,54693,110808,265,266,503,434,0.33,0.527,0.613,NORMAL
IMG_2497.JPG,165531,51932,113599,250,268,470,446,0.314,0.532,0.601,NORMAL
IMG_2498.JPG,146284,58104,88180,282,265,426,437,0.397,0.662,0.606,GLAUCOMA  SUSUPECT
IMG_2499.JPG,138702,54869,83833,263,264,431,413,0.396,0.61,0.639,GLAUCOMA  SUSUPECT
IMG_2500.JPG,182757,63762,118995,266,299,509,465,0.349,0.523,0.643,NORMAL
IMG_2501.JPG,136675,34049,102626,202,220,445,399,0.249,0.454,0.551,NORMAL
IMG_2502.JPG,165649,57352,108297,264,274,462,453,0.346,0.571,0.605,NORMAL
IMG_2503.JPG,178323,55753,122570,260,276,498,468,0.313,0.522,0.59,NORMAL
IMG_2504.JPG,157071,53685,103386,278,244,476,419,0.342,0.584,0.582,NORMAL
IMG_2505.JPG,164202,56953,107249,273,273,474,439,0.347,0.576,0.622,NORMAL
IMG_2506.JPG,119410,34258,85152,210,216,389,382,0.287,0.54,0.565,NORMAL
IMG_2507.JPG,121093,39222,81871,242,207,424,365,0.324,0.571,0.567,NORMAL
IMG_2508.JPG,127809,37244,90565,206,213,418,390,0.291,0.493,0.546,NORMAL
IMG_2509.JPG,118595,35372,83223,213,224,388,386,0.298,0.549,0.58,NORMAL
IMG_2510.JPG,140199,55079,85120,274,259,447,398,0.393,0.613,0.651,GLAUCOMA  SUSUPECT
IMG_2511.JPG,151933,50543,101390,244,259,468,420,0.333,0.521,0.617,NORMAL
IMG_2512.JPG,119841,38123,81718,216,216,417,367,0.318,0.518,0.589,NORMAL
IMG_2516.JPG,173847,58742,115105,252,300,469,473,0.338,0.537,0.634,NORMAL
IMG_2519.JPG,161394,55048,106346,246,274,468,436,0.341,0.526,0.628,NORMAL
IMG_2520.JPG,144794,55278,89516,264,270,437,430,0.382,0.604,0.628,GLAUCOMA  SUSUPECT
IMG_2521.JPG,153823,62512,91311,290,275,474,405,0.406,0.612,0.679,GLAUCOMA  SUSUPECT
IMG_2522.JPG,178059,74970,103089,300,323,496,444,0.421,0.605,0.727,GLAUCOMA  SUSUPECT
IMG_2523.JPG,136052,43192,92860,232,237,423,406,0.317,0.548,0.584,NORMAL
IMG_2524.JPG,132733,34369,98364,216,200,424,396,0.259,0.509,0.505,NORMAL
IMG_2525.JPG,130711,53980,76731,263,258,422,397,0.413,0.623,0.65,GLAUCOMA  SUSUPECT
IMG_2526.JPG,123738,33347,90391,208,208,406,381,0.269,0.512,0.546,NORMAL
IMG_2527.JPG,185149,88434,96715,349,317,482,485,0.478,0.724,0.654,GLAUCOMA  SUSUPECT
IMG_2528.JPG,190404,98853,91551,354,361,495,477,0.519,0.715,0.757,GLAUCOMA  SUSUPECT
IMG_2529.JPG,157530,69249,88281,291,310,436,444,0.44,0.667,0.698,GLAUCOMA  SUSUPECT
IMG_2530.JPG,158012,73833,84179,284,322,449,454,0.467,0.633,0.709,GLAUCOMA  SUSUPECT
IMG_2531.JPG,128329,30172,98157,190,203,407,411,0.235,0.467,0.494,NORMAL
IMG_2532.JPG,133067,47345,85722,214,279,422,405,0.356,0.507,0.689,NORMAL
IMG_2533.JPG,147666,67759,79907,297,287,459,411,0.459,0.647,0.698,GLAUCOMA  SUSUPECT
IMG_2534.JPG,126082,58468,67614,276,272,430,386,0.464,0.642,0.705,GLAUCOMA  SUSUPECT
IMG_2535.JPG,131171,41039,90132,212,254,404,401,0.313,0.525,0.633,NORMAL
IMG_2536.JPG,129354,41020,88334,231,228,411,387,0.317,0.562,0.589,NORMAL
IMG_2537.JPG,141062,69263,71799,289,295,446,395,0.491,0.648,0.747,GLAUCOMA  SUSUPECT
IMG_2538.JPG,147568,67392,80176,289,295,442,403,0.457,0.654,0.732,GLAUCOMA  SUSUPECT
IMG_2539.JPG,137382,53716,83666,253,268,446,394,0.391,0.567,0.68,NORMAL
IMG_2540.JPG,142929,57843,85086,256,287,461,406,0.405,0.555,0.707,GLAUCOMA  SUSUPECT
IMG_2541.JPG,150807,40878,109929,232,228,483,407,0.271,0.48,0.56,NORMAL
IMG_2542.JPG,176318,54427,121891,280,254,529,429,0.309,0.529,0.592,NORMAL
IMG_2543.JPG,129692,42872,86820,240,229,454,353,0.331,0.529,0.649,NORMAL
IMG_2544.JPG,139214,48071,91143,241,254,451,395,0.345,0.534,0.643,NORMAL
IMG_2545.JPG,158021,54070,103951,255,261,449,453,0.342,0.568,0.576,NORMAL
IMG_2546.JPG,196666,73390,123276,313,292,530,483,0.373,0.591,0.605,NORMAL
IMG_2547.JPG,170015,62016,107999,281,285,487,446,0.365,0.577,0.639,NORMAL
IMG_2548.JPG,169024,58836,110188,274,281,475,451,0.348,0.577,0.623,NORMAL
IMG_2549.JPG,150807,67478,83329,292,301,445,434,0.447,0.656,0.694,GLAUCOMA  SUSUPECT
IMG_2550.JPG,136263,40097,96166,209,246,432,400,0.294,0.484,0.615,NORMAL
IMG_2551.JPG,204562,108568,95994,345,380,516,500,0.531,0.669,0.76,GLAUCOMA  SUSUPECT
IMG_2552.JPG,204366,90862,113504,313,376,508,499,0.445,0.616,0.754,GLAUCOMA  SUSUPECT
IMG_2553.JPG,140823,39201,101622,217,219,428,412,0.278,0.507,0.532,NORMAL
IMG_2554.JPG,130590,36112,94478,198,218,410,397,0.277,0.483,0.549,NORMAL
IMG_2555.JPG,136908,59578,77330,253,300,402,441,0.435,0.629,0.68,GLAUCOMA  SUSUPECT
IMG_2556.JPG,130231,61117,69114,277,275,411,395,0.469,0.674,0.696,GLAUCOMA  SUSUPECT
IMG_2557.JPG,147011,44022,102989,260,228,450,409,0.299,0.578,0.557,NORMAL
IMG_2558.JPG,161974,53712,108262,271,254,463,443,0.332,0.585,0.573,NORMAL
IMG_2559.JPG,171485,66832,104653,283,289,486,430,0.39,0.582,0.672,NORMAL
IMG_2560.JPG,154702,62527,92175,278,287,452,424,0.404,0.615,0.677,GLAUCOMA  SUSUPECT
IMG_2561.JPG,152072,51544,100528,261,257,441,434,0.339,0.592,0.592,NORMAL
IMG_2562.JPG,129719,32958,96761,214,198,423,391,0.254,0.506,0.506,NORMAL
IMG_2563.JPG,162400,64874,97526,260,332,434,482,0.399,0.599,0.689,NORMAL
IMG_2564.JPG,155840,58816,97024,274,267,446,448,0.377,0.614,0.596,GLAUCOMA  SUSUPECT
IMG_2565.JPG,148310,37939,110371,230,219,423,443,0.256,0.544,0.494,NORMAL
IMG_2566.JPG,134293,36007,98286,193,232,396,423,0.268,0.487,0.548,NORMAL
IMG_2567.JPG,123102,35006,88096,208,222,417,379,0.284,0.499,0.586,NORMAL
IMG_2568.JPG,123902,36785,87117,230,209,430,374,0.297,0.535,0.559,NORMAL
IMG_2569.JPG,155224,58298,96926,252,279,447,415,0.376,0.564,0.672,NORMAL
IMG_2570.JPG,131928,34794,97134,216,202,439,392,0.264,0.492,0.515,NORMAL
IMG_2571.JPG,143897,43191,100706,248,228,455,400,0.3,0.545,0.57,NORMAL
IMG_2572.JPG,121055,37910,83145,227,212,415,368,0.313,0.547,0.576,NORMAL
IMG_2573.JPG,138851,44262,94589,231,245,448,404,0.319,0.516,0.606,NORMAL
IMG_2574.JPG,113213,25591,87622,174,184,392,370,0.226,0.444,0.497,NORMAL
IMG_2575.JPG,115424,28022,87402,188,187,388,372,0.243,0.485,0.503,NORMAL
IMG_2576.JPG,124358,44051,80307,251,224,429,369,0.354,0.585,0.607,NORMAL
IMG_2577.JPG,170912,79265,91647,286,352,458,474,0.464,0.624,0.743,GLAUCOMA  SUSUPECT
IMG_2578.JPG,168762,73632,95130,288,321,457,472,0.436,0.63,0.68,GLAUCOMA  SUSUPECT
IMG_2579.JPG,142224,40048,102176,230,219,500,377,0.282,0.46,0.581,NORMAL
IMG_2580.JPG,122747,40348,82399,223,232,413,391,0.329,0.54,0.593,NORMAL
IMG_2581.JPG,187751,99172,88579,327,369,474,488,0.528,0.69,0.756,GLAUCOMA  SUSUPECT
IMG_2582.JPG,196336,87634,108702,340,332,504,491,0.446,0.675,0.676,GLAUCOMA  SUSUPECT
IMG_2583.JPG,151921,42465,109456,244,219,470,410,0.28,0.519,0.534,NORMAL
IMG_2584.JPG,133016,33787,99229,216,197,434,380,0.254,0.498,0.518,NORMAL
IMG_2585.JPG,146841,46401,100440,255,238,455,400,0.316,0.56,0.595,NORMAL
IMG_2586.JPG,130393,45280,85113,254,228,442,378,0.347,0.575,0.603,NORMAL
IMG_2587.JPG,116205,26854,89351,186,194,432,359,0.231,0.431,0.54,NORMAL
IMG_2588.JPG,126625,30974,95651,194,197,433,377,0.245,0.448,0.523,NORMAL
IMG_2589.JPG,126250,16060,110190,148,147,389,413,0.127,0.38,0.356,NORMAL
IMG_2590.JPG,118514,23075,95439,174,173,387,389,0.195,0.45,0.445,NORMAL
IMG_2591.JPG,115255,23425,91830,168,178,405,368,0.203,0.415,0.484,NORMAL
IMG_2592.JPG,113618,18244,95374,145,170,408,365,0.161,0.355,0.466,NORMAL
IMG_2593.JPG,124502,18425,106077,160,146,445,370,0.148,0.36,0.395,NORMAL
IMG_2594.JPG,117156,17309,99847,137,165,417,383,0.148,0.329,0.431,NORMAL
IMG_2597.JPG,106160,10228,95932,106,136,387,358,0.096,0.274,0.38,NORMAL
IMG_2598.JPG,131480,41573,89907,218,243,421,403,0.316,0.518,0.603,NORMAL
IMG_2599.JPG,123731,28598,95133,181,201,387,411,0.231,0.468,0.489,NORMAL
IMG_2600.JPG,139420,22259,117161,157,182,453,401,0.16,0.347,0.454,NORMAL
IMG_2601.JPG,122068,20319,101749,134,193,418,385,0.166,0.321,0.501,NORMAL
IMG_2604.JPG,161014,28124,132890,204,183,489,416,0.175,0.417,0.44,NORMAL
IMG_2605.JPG,174319,44437,129882,256,243,505,441,0.255,0.507,0.551,NORMAL
IMG_2606.JPG,210124,87434,122690,346,310,553,492,0.416,0.626,0.63,GLAUCOMA  SUSUPECT
IMG_2607.JPG,198927,79550,119377,351,293,527,478,0.4,0.666,0.613,GLAUCOMA  SUSUPECT
IMG_2608.JPG,153733,36264,117469,213,225,437,446,0.236,0.487,0.504,NORMAL
IMG_2610.JPG,146037,33963,112074,214,210,458,409,0.233,0.467,0.513,NORMAL
IMG_2611.JPG,151766,41000,110766,233,230,461,422,0.27,0.505,0.545,NORMAL
IMG_2612.JPG,130132,17884,112248,146,156,444,380,0.137,0.329,0.411,NORMAL
IMG_2613.JPG,123077,19200,103877,153,171,408,377,0.156,0.375,0.454,NORMAL
IMG_2614.JPG,164662,72076,92586,309,300,476,440,0.438,0.649,0.682,GLAUCOMA  SUSUPECT
IMG_2615.JPG,142063,51782,90281,271,249,447,418,0.365,0.606,0.596,GLAUCOMA  SUSUPECT
IMG_2616.JPG,223078,75270,147808,314,304,560,512,0.337,0.561,0.594,NORMAL
IMG_2617.JPG,235192,82193,152999,317,321,564,539,0.349,0.562,0.596,NORMAL
IMG_2618.JPG,144365,31860,112505,187,220,430,432,0.221,0.435,0.509,NORMAL
IMG_2619.JPG,149884,41059,108825,225,237,449,420,0.274,0.501,0.564,NORMAL
IMG_2620.JPG,169270,46100,123170,256,236,493,441,0.272,0.519,0.535,NORMAL
IMG_2621.JPG,170027,49868,120159,239,273,499,440,0.293,0.479,0.62,NORMAL
IMG_2622.JPG,188529,62903,125626,263,308,491,504,0.334,0.536,0.611,NORMAL
IMG_2623.JPG,192230,55512,136718,253,283,498,497,0.289,0.508,0.569,NORMAL
IMG_2626.JPG,148723,52529,96194,277,254,465,427,0.353,0.596,0.595,NORMAL
IMG_2627.JPG,155074,52893,102181,262,264,458,438,0.341,0.572,0.603,NORMAL
IMG_2628.JPG,166603,37514,129089,205,237,474,463,0.225,0.432,0.512,NORMAL
IMG_2629.JPG,167354,33476,133878,194,224,465,458,0.2,0.417,0.489,NORMAL
IMG_2630.JPG,144914,39246,105668,215,235,428,435,0.271,0.502,0.54,NORMAL
IMG_2631.JPG,138422,34919,103503,194,231,427,423,0.252,0.454,0.546,NORMAL
IMG_2632.JPG,166473,56483,109990,287,260,481,437,0.339,0.597,0.595,NORMAL
IMG_2633.JPG,170442,60470,109972,274,283,489,450,0.355,0.56,0.629,NORMAL
IMG_2634.JPG,145874,41593,104281,239,220,464,395,0.285,0.515,0.557,NORMAL
IMG_2635.JPG,148001,51583,96418,264,245,445,427,0.349,0.593,0.574,NORMAL
IMG_2636.JPG,163879,64296,99583,288,274,480,440,0.392,0.6,0.623,NORMAL
IMG_2637.JPG,137422,31304,106118,196,198,428,406,0.228,0.458,0.488,NORMAL
IMG_2638.JPG,139601,24712,114889,174,178,416,421,0.177,0.418,0.423,NORMAL
IMG_2639.JPG,150454,31086,119368,206,200,458,418,0.207,0.45,0.478,NORMAL
IMG_2640.JPG,162551,42259,120292,237,223,482,441,0.26,0.492,0.506,NORMAL
IMG_2641.JPG,136701,30565,106136,210,193,432,393,0.224,0.486,0.491,NORMAL
IMG_2642.JPG,131860,25954,105906,197,167,431,393,0.197,0.457,0.425,NORMAL
IMG_2643.JPG,139796,26604,113192,226,159,465,377,0.19,0.486,0.422,NORMAL
IMG_2645.JPG,134625,44548,90077,239,234,438,385,0.331,0.546,0.608,NORMAL
IMG_2646.JPG,140404,46369,94035,252,235,449,384,0.33,0.561,0.612,NORMAL
IMG_2647.JPG,175531,54360,121171,253,280,448,491,0.31,0.565,0.57,NORMAL
IMG_2648.JPG,160126,53964,106162,237,293,422,488,0.337,0.562,0.6,NORMAL
IMG_2649.JPG,100361,29790,70571,198,192,354,354,0.297,0.559,0.542,NORMAL
IMG_2650.JPG,97151,20839,76312,189,157,358,343,0.215,0.528,0.458,NORMAL
IMG_2652.JPG,128393,37234,91159,214,226,444,369,0.29,0.482,0.612,NORMAL
IMG_2657.JPG,161892,52594,109298,248,270,460,448,0.325,0.539,0.603,NORMAL
IMG_2658.JPG,168168,43126,125042,238,226,484,446,0.256,0.492,0.507,NORMAL
IMG_2659.JPG,145686,49409,96277,265,241,463,412,0.339,0.572,0.585,NORMAL
IMG_2660.JPG,162226,53791,108435,269,248,487,429,0.332,0.552,0.578,NORMAL
IMG_2662.JPG,207621,87782,119839,350,326,538,491,0.423,0.651,0.664,GLAUCOMA  SUSUPECT
IMG_2663.JPG,132762,44280,88482,248,231,428,399,0.334,0.579,0.579,NORMAL
IMG_2664.JPG,138492,46129,92363,265,217,468,383,0.333,0.566,0.567,NORMAL
IMG_2665.JPG,153428,41980,111448,242,221,460,432,0.274,0.526,0.512,NORMAL
IMG_2666.JPG,152632,49048,103584,243,255,461,421,0.321,0.527,0.606,NORMAL
IMG_2667.JPG,126283,25999,100284,165,201,426,375,0.206,0.387,0.536,NORMAL
IMG_2668.JPG,135130,31190,103940,196,202,434,391,0.231,0.452,0.517,NORMAL
IMG_2669.JPG,196329,49368,146961,253,245,537,481,0.251,0.471,0.509,NORMAL
IMG_2670.JPG,164293,43345,120948,243,227,494,434,0.264,0.492,0.523,NORMAL
IMG_2671.JPG,144369,33734,110635,217,200,458,391,0.234,0.474,0.512,NORMAL
IMG_2672.JPG,144571,34619,109952,199,215,446,402,0.239,0.446,0.535,NORMAL
IMG_2673.JPG,130962,32915,98047,200,219,429,386,0.251,0.466,0.567,NORMAL
IMG_2674.JPG,141414,38958,102456,210,232,438,413,0.275,0.479,0.562,NORMAL
IMG_2677.JPG,100046,24008,76038,166,187,343,371,0.24,0.484,0.504,NORMAL
IMG_2678.JPG,108969,23739,85230,174,174,384,354,0.218,0.453,0.492,NORMAL
IMG_2679.JPG,153853,52621,101232,261,249,478,412,0.342,0.546,0.604,NORMAL
IMG_2680.JPG,146225,55047,91178,268,258,460,413,0.376,0.583,0.625,NORMAL
IMG_2681.JPG,185767,61898,123869,274,282,501,479,0.333,0.547,0.589,NORMAL
IMG_2682.JPG,199179,56271,142908,280,253,535,473,0.283,0.523,0.535,NORMAL
IMG_2683.JPG,163217,47835,115382,248,254,457,461,0.293,0.543,0.551,NORMAL
IMG_2684.JPG,179998,54567,125431,278,251,491,467,0.303,0.566,0.537,NORMAL
IMG_2685.JPG,123169,31989,91180,198,207,402,390,0.26,0.493,0.531,NORMAL
IMG_2686.JPG,122496,34106,88390,218,204,410,370,0.278,0.532,0.551,NORMAL
IMG_2687.JPG,157028,36408,120620,216,208,486,417,0.232,0.444,0.499,NORMAL
IMG_2688.JPG,152345,36107,116238,234,200,487,408,0.237,0.48,0.49,NORMAL
IMG_2689.JPG,142423,37156,105267,216,222,431,432,0.261,0.501,0.514,NORMAL
IMG_2690.JPG,127390,33551,93839,205,219,404,404,0.263,0.507,0.542,NORMAL
IMG_2692.JPG,139560,39931,99629,253,220,463,391,0.286,0.546,0.563,NORMAL
IMG_2695.JPG,102168,31117,71051,199,205,370,349,0.305,0.538,0.587,NORMAL
IMG_2696.JPG,121384,46300,75084,276,222,412,374,0.381,0.67,0.594,GLAUCOMA  SUSUPECT
IMG_2698.JPG,117814,39132,78682,243,212,396,373,0.332,0.614,0.568,GLAUCOMA  SUSUPECT
IMG_2699.JPG,131189,30921,100268,173,220,409,405,0.236,0.423,0.543,NORMAL
IMG_2700.JPG,139638,26999,112639,196,185,438,403,0.193,0.447,0.459,NORMAL
IMG_2701.JPG,225838,88727,137111,354,318,547,523,0.393,0.647,0.608,GLAUCOMA  SUSUPECT
IMG_2702.JPG,186581,67231,119350,300,293,506,454,0.36,0.593,0.645,NORMAL
IMG_2703.JPG,122126,25685,96441,186,175,405,378,0.21,0.459,0.463,NORMAL
IMG_2704.JPG,125740,33824,91916,213,224,411,389,0.269,0.518,0.576,NORMAL
IMG_2705.JPG,152930,40788,112142,208,245,434,445,0.267,0.479,0.551,NORMAL
IMG_2706.JPG,138899,34957,103942,195,243,418,426,0.252,0.467,0.57,NORMAL
IMG_2707.JPG,110599,23249,87350,183,165,393,359,0.21,0.466,0.46,NORMAL
IMG_2708.JPG,120736,23566,97170,162,184,397,385,0.195,0.408,0.478,NORMAL
IMG_2709.JPG,102587,23868,78719,177,173,378,346,0.233,0.468,0.5,NORMAL
IMG_2710.JPG,116340,23484,92856,190,165,400,370,0.202,0.475,0.446,NORMAL
IMG_2711.JPG,130502,33822,96680,215,207,424,391,0.259,0.507,0.529,NORMAL
IMG_2712.JPG,118625,26059,92566,184,178,410,377,0.22,0.449,0.472,NORMAL
IMG_2713.JPG,204681,72050,132631,322,280,537,484,0.352,0.6,0.579,NORMAL
IMG_2714.JPG,189379,65847,123532,309,280,532,465,0.348,0.581,0.602,NORMAL
IMG_2715.JPG,151778,33894,117884,218,209,450,433,0.223,0.484,0.483,NORMAL
IMG_2716.JPG,144932,30404,114528,194,205,437,424,0.21,0.444,0.483,NORMAL
IMG_2717.JPG,106092,24563,81529,180,176,385,339,0.232,0.468,0.519,NORMAL
IMG_2718.JPG,116602,32072,84530,208,203,409,356,0.275,0.509,0.57,NORMAL
IMG_2719.JPG,153039,58628,94411,272,279,443,449,0.383,0.614,0.621,GLAUCOMA  SUSUPECT
IMG_2720.JPG,169916,63313,106603,288,282,467,462,0.373,0.617,0.61,GLAUCOMA  SUSUPECT
IMG_2721.JPG,137463,34442,103021,198,218,420,422,0.251,0.471,0.517,NORMAL
IMG_2722.JPG,129874,42062,87812,198,264,407,411,0.324,0.486,0.642,NORMAL
IMG_2723.JPG,155104,43799,111305,230,236,459,433,0.282,0.501,0.545,NORMAL
IMG_2724.JPG,152598,40326,112272,227,233,459,428,0.264,0.495,0.544,NORMAL
IMG_2725.JPG,154044,49803,104241,245,266,434,452,0.323,0.565,0.588,NORMAL
IMG_2726.JPG,163053,54275,108778,258,261,452,457,0.333,0.571,0.571,NORMAL
IMG_2727.JPG,173723,56200,117523,254,279,477,463,0.324,0.532,0.603,NORMAL
IMG_2728.JPG,174073,58832,115241,246,296,463,477,0.338,0.531,0.621,NORMAL
IMG_2730.JPG,147609,55637,91972,293,246,465,410,0.377,0.63,0.6,GLAUCOMA  SUSUPECT
IMG_2731.JPG,107145,20401,86744,153,166,364,367,0.19,0.42,0.452,NORMAL
IMG_2732.JPG,125718,25404,100314,191,178,417,378,0.202,0.458,0.471,NORMAL
IMG_2734.JPG,104796,26688,78108,183,188,368,366,0.255,0.497,0.514,NORMAL
IMG_2735.JPG,125953,25662,100291,179,186,417,385,0.204,0.429,0.483,NORMAL
IMG_2736.JPG,143946,45680,98266,260,218,454,406,0.317,0.573,0.537,NORMAL
IMG_2737.JPG,144813,45869,98944,237,250,442,418,0.317,0.536,0.598,NORMAL
IMG_2738.JPG,111233,29417,81816,220,176,395,354,0.264,0.557,0.497,NORMAL
IMG_2739.JPG,130589,38132,92457,229,216,424,389,0.292,0.54,0.555,NORMAL
IMG_2740.JPG,128149,39971,88178,256,191,436,372,0.312,0.587,0.513,NORMAL
IMG_2741.JPG,142342,43093,99249,251,218,443,413,0.303,0.567,0.528,NORMAL
IMG_2742.JPG,156241,60710,95531,289,270,456,439,0.389,0.634,0.615,GLAUCOMA  SUSUPECT
IMG_2743.JPG,159993,54952,105041,269,278,458,461,0.343,0.587,0.603,NORMAL
IMG_2744.JPG,168726,45852,122874,230,249,451,476,0.272,0.51,0.523,NORMAL
IMG_2745.JPG,162191,53858,108333,232,298,463,453,0.332,0.501,0.658,NORMAL
IMG_2746.JPG,134811,35009,99802,202,221,413,421,0.26,0.489,0.525,NORMAL
IMG_2747.JPG,141930,42966,98964,212,258,419,429,0.303,0.506,0.601,NORMAL
IMG_2748.JPG,118697,38320,80377,240,205,414,360,0.323,0.58,0.569,NORMAL
IMG_2749.JPG,132372,40557,91815,242,219,446,383,0.306,0.543,0.572,NORMAL
IMG_2750.JPG,133539,37101,96438,225,208,433,391,0.278,0.52,0.532,NORMAL
IMG_2751.JPG,117522,38238,79284,229,216,408,371,0.325,0.561,0.582,NORMAL
IMG_2752.JPG,119051,31881,87170,187,216,410,372,0.268,0.456,0.581,NORMAL
IMG_2753.JPG,126809,40234,86575,243,218,440,377,0.317,0.552,0.578,NORMAL
IMG_2754.JPG,130395,32445,97950,193,212,402,412,0.249,0.48,0.515,NORMAL
IMG_2755.JPG,138855,42218,96637,222,243,420,431,0.304,0.529,0.564,NORMAL
IMG_2756.JPG,103174,31252,71922,208,188,356,359,0.303,0.584,0.524,NORMAL
IMG_2757.JPG,112304,42684,69620,232,238,391,358,0.38,0.593,0.665,NORMAL
IMG_2758.JPG,129994,43789,86205,235,243,412,402,0.337,0.57,0.604,NORMAL
IMG_2759.JPG,130177,35967,94210,218,209,419,393,0.276,0.52,0.532,NORMAL
IMG_2760.JPG,129774,38848,90926,197,244,408,405,0.299,0.483,0.602,NORMAL
IMG_2761.JPG,173623,61955,111668,287,272,498,437,0.357,0.576,0.622,NORMAL
IMG_2762.JPG,187147,76600,110547,336,293,549,442,0.409,0.612,0.663,GLAUCOMA  SUSUPECT
IMG_2763.JPG,157524,51679,105845,255,254,441,448,0.328,0.578,0.567,NORMAL
IMG_2764.JPG,145660,47393,98267,249,241,434,422,0.325,0.574,0.571,NORMAL
IMG_2769.JPG,157251,64849,92402,289,291,465,443,0.412,0.622,0.657,GLAUCOMA  SUSUPECT
IMG_2770.JPG,177104,66451,110653,280,300,476,472,0.375,0.588,0.636,NORMAL
IMG_2773.JPG,176215,71478,104737,277,314,458,494,0.406,0.605,0.636,GLAUCOMA  SUSUPECT
IMG_2774.JPG,166986,63973,103013,265,303,459,465,0.383,0.577,0.652,NORMAL
IMG_2775.JPG,123976,37373,86603,203,226,391,395,0.301,0.519,0.572,NORMAL
IMG_2776.JPG,120020,32591,87429,197,206,403,376,0.272,0.489,0.548,NORMAL
IMG_2777.JPG,132608,35983,96625,205,231,405,412,0.271,0.506,0.561,NORMAL
IMG_2778.JPG,122378,36825,85553,216,214,403,390,0.301,0.536,0.549,NORMAL
IMG_2779.JPG,142627,67263,75364,304,276,447,402,0.472,0.68,0.687,GLAUCOMA  SUSUPECT
IMG_2780.JPG,153888,66622,87266,309,260,469,404,0.433,0.659,0.644,GLAUCOMA  SUSUPECT
IMG_2781.JPG,176690,75953,100737,289,339,461,487,0.43,0.627,0.696,GLAUCOMA  SUSUPECT
IMG_2782.JPG,166130,67587,98543,270,320,441,477,0.407,0.612,0.671,GLAUCOMA  SUSUPECT
IMG_2783.JPG,117275,33509,83766,215,197,420,369,0.286,0.512,0.534,NORMAL
IMG_2784.JPG,121628,30970,90658,215,178,433,362,0.255,0.497,0.492,NORMAL
IMG_2785.JPG,125876,33250,92626,207,212,402,402,0.264,0.515,0.527,NORMAL
IMG_2786.JPG,170935,57821,113114,277,271,486,445,0.338,0.57,0.609,NORMAL
IMG_2788.JPG,105474,25076,80398,195,166,385,358,0.238,0.506,0.464,NORMAL
IMG_2789.JPG,134436,40628,93808,221,230,418,402,0.302,0.529,0.572,NORMAL
IMG_2790.JPG,129732,41716,88016,231,220,412,387,0.322,0.561,0.568,NORMAL
IMG_2791.JPG,166578,52710,113868,272,243,484,434,0.316,0.562,0.56,NORMAL
IMG_2792.JPG,161068,53104,107964,282,241,484,419,0.33,0.583,0.575,NORMAL
IMG_2793.JPG,150306,43887,106419,220,253,414,449,0.292,0.531,0.563,NORMAL
IMG_2794.JPG,154939,46332,108607,243,243,428,464,0.299,0.568,0.524,NORMAL
IMG_2795.JPG,166692,52590,114102,266,242,498,431,0.315,0.534,0.561,NORMAL
IMG_2796.JPG,147097,41737,105360,230,230,482,387,0.284,0.477,0.594,NORMAL
IMG_2797.JPG,155654,49130,106524,234,260,456,433,0.316,0.513,0.6,NORMAL
IMG_2798.JPG,142398,50130,92268,252,252,434,412,0.352,0.581,0.612,NORMAL
IMG_2799.JPG,156051,22185,133866,186,166,415,473,0.142,0.448,0.351,NORMAL
IMG_2800.JPG,113126,23641,89485,173,173,387,369,0.209,0.447,0.469,NORMAL
IMG_2801.JPG,363641,238720,124921,562,538,731,642,0.656,0.769,0.838,GLAUCOMA  SUSUPECT
IMG_2802.JPG,388813,227272,161541,531,538,713,683,0.585,0.745,0.788,GLAUCOMA  SUSUPECT
IMG_2804.JPG,187368,41096,146272,250,210,503,476,0.219,0.497,0.441,NORMAL
IMG_2805.JPG,197367,56170,141197,277,260,520,481,0.285,0.533,0.541,NORMAL
IMG_2806.JPG,183963,72833,111130,280,317,499,471,0.396,0.561,0.673,NORMAL
IMG_2807.JPG,161461,60642,100819,283,273,480,429,0.376,0.59,0.636,NORMAL
IMG_3153.JPG,136627,32430,104197,202,204,425,405,0.237,0.475,0.504,NORMAL
IMG_3154.JPG,136006,30383,105623,208,202,425,407,0.223,0.489,0.496,NORMAL
IMG_3155.JPG,156258,36634,119624,221,205,457,436,0.234,0.484,0.47,NORMAL
IMG_3156.JPG,146525,36217,110308,228,209,441,421,0.247,0.517,0.496,NORMAL
IMG_3157.JPG,143409,32891,110518,209,203,432,418,0.229,0.484,0.486,NORMAL
IMG_3158.JPG,137330,35032,102298,216,206,431,401,0.255,0.501,0.514,NORMAL
IMG_3159.JPG,191056,92100,98956,352,325,512,469,0.482,0.688,0.693,GLAUCOMA  SUSUPECT
IMG_3160.JPG,189377,93290,96087,352,333,510,473,0.493,0.69,0.704,GLAUCOMA  SUSUPECT
IMG_3161.JPG,127087,43700,83387,237,235,441,376,0.344,0.537,0.625,NORMAL
IMG_3162.JPG,111552,34478,77074,216,205,411,347,0.309,0.526,0.591,NORMAL
IMG_3163.JPG,177466,40570,136896,220,234,501,451,0.229,0.439,0.519,NORMAL
IMG_3164.JPG,159961,36807,123154,226,216,484,418,0.23,0.467,0.517,NORMAL
IMG_3165.JPG,162098,40625,121473,214,248,454,440,0.251,0.471,0.564,NORMAL
IMG_3166.JPG,152810,39930,112880,220,219,435,436,0.261,0.506,0.502,NORMAL
IMG_3167.JPG,186495,53475,133020,254,278,490,473,0.287,0.518,0.588,NORMAL
IMG_3168.JPG,181132,67689,113443,285,301,486,483,0.374,0.586,0.623,NORMAL
IMG_3169.JPG,178300,46517,131783,254,233,497,465,0.261,0.511,0.501,NORMAL
IMG_3170.JPG,179880,47120,132760,254,244,474,475,0.262,0.536,0.514,NORMAL
IMG_3173.JPG,133105,35068,98037,202,217,419,400,0.263,0.482,0.542,NORMAL
IMG_3174.JPG,160088,43430,116658,241,217,477,428,0.271,0.505,0.507,NORMAL
IMG_3175.JPG,155713,46379,109334,240,250,454,438,0.298,0.529,0.571,NORMAL
IMG_3176.JPG,175226,60608,114618,264,286,490,446,0.346,0.539,0.641,NORMAL
IMG_3177.JPG,195086,84845,110241,312,352,491,509,0.435,0.635,0.692,GLAUCOMA  SUSUPECT
IMG_3178.JPG,196529,97768,98761,380,331,529,470,0.497,0.718,0.704,GLAUCOMA  SUSUPECT
IMG_3179.JPG,124747,36162,88585,220,214,421,375,0.29,0.523,0.571,NORMAL
IMG_3180.JPG,149897,49300,100597,252,252,448,424,0.329,0.562,0.594,NORMAL
IMG_3182.JPG,142540,42190,100350,230,223,445,406,0.296,0.517,0.549,NORMAL
IMG_3183.JPG,134656,34811,99845,204,218,420,409,0.259,0.486,0.533,NORMAL
IMG_3184.JPG,148445,49604,98841,256,238,459,417,0.334,0.558,0.571,NORMAL
IMG_3185.JPG,198417,65020,133397,290,284,503,497,0.328,0.577,0.571,NORMAL
IMG_3186.JPG,200171,79010,121161,310,318,509,495,0.395,0.609,0.642,GLAUCOMA  SUSUPECT
IMG_3188.JPG,147794,39105,108689,240,204,464,405,0.265,0.517,0.504,NORMAL
IMG_3189.JPG,152501,34812,117689,226,193,477,406,0.228,0.474,0.475,NORMAL
IMG_3190.JPG,181110,84739,96371,326,336,484,476,0.468,0.674,0.706,GLAUCOMA  SUSUPECT
IMG_3191.JPG,183478,82865,100613,336,308,489,479,0.452,0.687,0.643,GLAUCOMA  SUSUPECT
IMG_3192.JPG,217254,72718,144536,319,282,551,505,0.335,0.579,0.558,NORMAL
IMG_3193.JPG,176990,50787,126203,262,240,508,444,0.287,0.516,0.541,NORMAL
IMG_3194.JPG,169644,60920,108724,286,280,502,443,0.359,0.57,0.632,NORMAL
IMG_3195.JPG,146421,43972,102449,226,251,452,407,0.3,0.5,0.617,NORMAL
IMG_3196.JPG,141106,47633,93473,248,244,436,409,0.338,0.569,0.597,NORMAL
IMG_3197.JPG,160252,63917,96335,284,282,447,454,0.399,0.635,0.621,GLAUCOMA  SUSUPECT
IMG_3198.JPG,196867,93301,103566,348,356,515,499,0.474,0.676,0.713,GLAUCOMA  SUSUPECT
IMG_3199.JPG,193791,80165,113626,316,317,496,503,0.414,0.637,0.63,GLAUCOMA  SUSUPECT
IMG_3202.JPG,123814,27977,95837,188,192,407,392,0.226,0.462,0.49,NORMAL
IMG_3203.JPG,116578,25990,90588,186,187,369,393,0.223,0.504,0.476,NORMAL
IMG_3204.JPG,173105,63625,109480,300,267,501,447,0.368,0.599,0.597,NORMAL
IMG_3205.JPG,169941,54733,115208,264,263,491,440,0.322,0.538,0.598,NORMAL
IMG_3206.JPG,157472,55371,102101,260,268,448,453,0.352,0.58,0.592,NORMAL
IMG_3208.JPG,128549,36848,91701,206,226,415,396,0.287,0.496,0.571,NORMAL
IMG_3209.JPG,134195,45705,88490,253,229,431,394,0.341,0.587,0.581,NORMAL
IMG_3210.JPG,146405,34029,112376,217,200,458,400,0.232,0.474,0.5,NORMAL
IMG_3211.JPG,124185,33213,90972,216,199,426,370,0.267,0.507,0.538,NORMAL
IMG_3212.JPG,173566,62084,111482,269,286,501,444,0.358,0.537,0.644,NORMAL
IMG_3213.JPG,158956,45159,113797,240,236,463,429,0.284,0.518,0.55,NORMAL
IMG_3214.JPG,175471,70513,104958,302,288,510,447,0.402,0.592,0.644,GLAUCOMA  SUSUPECT
IMG_3215.JPG,146021,58469,87552,272,264,454,408,0.4,0.599,0.647,GLAUCOMA  SUSUPECT
IMG_3216.JPG,167747,63735,104012,292,278,489,443,0.38,0.597,0.628,NORMAL
IMG_3217.JPG,179389,63602,115787,302,263,515,446,0.355,0.586,0.59,NORMAL
IMG_3218.JPG,160343,52263,108080,264,244,458,427,0.326,0.576,0.571,NORMAL
IMG_3219.JPG,146174,53414,92760,258,262,447,404,0.365,0.577,0.649,NORMAL
IMG_3220.JPG,162385,52129,110256,255,268,492,425,0.321,0.518,0.631,NORMAL
IMG_3221.JPG,135460,30446,105014,206,182,470,368,0.225,0.438,0.495,NORMAL
IMG_3222.JPG,100735,26100,74635,172,196,348,361,0.259,0.494,0.543,NORMAL
IMG_3223.JPG,91471,27858,63613,161,226,328,356,0.305,0.491,0.635,NORMAL
IMG_3225.JPG,136159,54415,81744,232,302,397,443,0.4,0.584,0.682,NORMAL
IMG_3226.JPG,144404,36165,108239,203,224,437,404,0.25,0.465,0.554,NORMAL
IMG_3227.JPG,148177,45682,102495,230,243,463,392,0.308,0.497,0.62,NORMAL
IMG_3228.JPG,173071,56864,116207,294,240,489,422,0.329,0.601,0.569,GLAUCOMA  SUSUPECT
IMG_3229.JPG,131519,32679,98840,192,218,405,416,0.248,0.474,0.524,NORMAL
IMG_3230.JPG,135513,40687,94826,219,232,414,413,0.3,0.529,0.562,NORMAL
IMG_3231.JPG,136110,39517,96593,230,224,412,415,0.29,0.558,0.54,NORMAL
IMG_3232.JPG,131838,48041,83797,256,234,427,401,0.364,0.6,0.584,NORMAL
IMG_3233.JPG,162131,49116,113015,218,279,453,447,0.303,0.481,0.624,NORMAL
IMG_3234.JPG,168111,49747,118364,254,246,481,446,0.296,0.528,0.552,NORMAL
IMG_3235.JPG,169451,62502,106949,272,293,476,441,0.369,0.571,0.664,NORMAL
IMG_3236.JPG,157016,55340,101676,262,272,440,441,0.352,0.595,0.617,NORMAL
IMG_3237.JPG,174570,72378,102192,306,299,483,457,0.415,0.634,0.654,GLAUCOMA  SUSUPECT
IMG_3238.JPG,142934,59131,83803,270,275,432,417,0.414,0.625,0.659,GLAUCOMA  SUSUPECT
IMG_3239.JPG,185735,67855,117880,308,285,526,448,0.365,0.586,0.636,NORMAL
IMG_3240.JPG,191640,65913,125727,285,298,542,451,0.344,0.526,0.661,NORMAL
IMG_3241.JPG,170892,48292,122600,252,241,483,441,0.283,0.522,0.546,NORMAL
IMG_3242.JPG,160597,46434,114163,234,249,466,425,0.289,0.502,0.586,NORMAL
IMG_3243.JPG,157580,43254,114326,238,229,491,406,0.274,0.485,0.564,NORMAL
IMG_3244.JPG,158922,37809,121113,219,212,460,439,0.238,0.476,0.483,NORMAL
IMG_3245.JPG,122160,34696,87464,206,220,403,395,0.284,0.511,0.557,NORMAL
IMG_3246.JPG,128857,36393,92464,208,229,410,393,0.282,0.507,0.583,NORMAL
IMG_3247.JPG,148800,63914,84886,286,284,465,408,0.43,0.615,0.696,GLAUCOMA  SUSUPECT
IMG_3248.JPG,148284,54901,93383,270,259,447,403,0.37,0.604,0.643,GLAUCOMA  SUSUPECT
IMG_3249.JPG,170676,62061,108615,286,283,482,448,0.364,0.593,0.632,NORMAL
IMG_3250.JPG,159057,44645,114412,252,231,484,415,0.281,0.521,0.557,NORMAL
IMG_3251.JPG,161659,58521,103138,277,271,445,457,0.362,0.622,0.593,GLAUCOMA  SUSUPECT
IMG_3252.JPG,174777,64282,110495,276,297,482,457,0.368,0.573,0.65,NORMAL
IMG_3253.JPG,136447,47480,88967,251,239,430,402,0.348,0.584,0.595,NORMAL
IMG_3254.JPG,147222,46892,100330,233,262,436,422,0.319,0.534,0.621,NORMAL
IMG_3255.JPG,156020,43536,112484,232,231,480,423,0.279,0.483,0.546,NORMAL
IMG_3256.JPG,172299,47849,124450,248,265,486,438,0.278,0.51,0.605,NORMAL
IMG_3257.JPG,195445,65173,130272,306,274,529,466,0.333,0.578,0.588,NORMAL
IMG_3258.JPG,171066,61616,109450,265,285,501,451,0.36,0.529,0.632,NORMAL
IMG_3261.JPG,141370,46733,94637,244,253,420,415,0.331,0.581,0.61,NORMAL
IMG_3262.JPG,130214,33704,96510,206,208,411,403,0.259,0.501,0.516,NORMAL
IMG_3263.JPG,102078,29256,72822,190,192,368,352,0.287,0.516,0.545,NORMAL
IMG_3264.JPG,108449,39820,68629,214,234,390,357,0.367,0.549,0.655,NORMAL
IMG_3265.JPG,161375,67579,93796,310,271,480,418,0.419,0.646,0.648,GLAUCOMA  SUSUPECT
IMG_3266.JPG,192599,86519,106080,350,308,520,469,0.449,0.673,0.657,GLAUCOMA  SUSUPECT
IMG_3267.JPG,158921,43447,115474,248,230,465,432,0.273,0.533,0.532,NORMAL
IMG_3268.JPG,154674,51622,103052,266,240,479,402,0.334,0.555,0.597,NORMAL
IMG_3270.JPG,134245,42873,91372,234,229,414,412,0.319,0.565,0.556,NORMAL
IMG_3271.JPG,130209,33334,96875,202,204,407,413,0.256,0.496,0.494,NORMAL
IMG_3272.JPG,104044,26616,77428,174,192,378,345,0.256,0.46,0.557,NORMAL
IMG_3274.JPG,129718,36201,93517,204,228,405,400,0.279,0.504,0.57,NORMAL
IMG_3275.JPG,140593,36842,103751,214,218,441,407,0.262,0.485,0.536,NORMAL
IMG_3276.JPG,149187,41275,107912,229,228,485,386,0.277,0.472,0.591,NORMAL
IMG_3277.JPG,161634,58616,103018,299,244,469,434,0.363,0.638,0.562,GLAUCOMA  SUSUPECT
IMG_3278.JPG,147287,48901,98386,262,233,455,406,0.332,0.576,0.574,NORMAL
IMG_3282.JPG,129220,41670,87550,225,235,423,391,0.322,0.532,0.601,NORMAL
IMG_3283.JPG,183264,76173,107091,314,308,503,468,0.416,0.624,0.658,GLAUCOMA  SUSUPECT
IMG_3285.JPG,113132,30682,82450,203,198,387,370,0.271,0.525,0.535,NORMAL
IMG_3286.JPG,127247,37333,89914,222,206,425,383,0.293,0.522,0.538,NORMAL
IMG_3287.JPG,114862,26662,88200,178,176,385,366,0.232,0.462,0.481,NORMAL
IMG_3288.JPG,122829,27752,95077,172,198,413,371,0.226,0.416,0.534,NORMAL
IMG_3292.JPG,180497,83323,97174,331,322,508,445,0.462,0.652,0.724,GLAUCOMA  SUSUPECT
IMG_3293.JPG,176305,78311,97994,296,334,459,495,0.444,0.645,0.675,GLAUCOMA  SUSUPECT
IMG_3294.JPG,139153,79829,59324,348,274,457,367,0.574,0.761,0.747,GLAUCOMA  SUSUPECT
IMG_3295.JPG,132655,54598,78057,276,256,473,364,0.412,0.584,0.703,GLAUCOMA  SUSUPECT
IMG_3296.JPG,144727,57104,87623,272,264,478,392,0.395,0.569,0.673,NORMAL
IMG_3297.JPG,177443,60212,117231,264,296,520,440,0.339,0.508,0.673,NORMAL
IMG_3298.JPG,151195,52269,98926,253,265,436,432,0.346,0.58,0.613,NORMAL
IMG_3299.JPG,133372,49469,83903,240,255,423,395,0.371,0.567,0.646,NORMAL
IMG_3302.JPG,134633,37040,97593,230,200,442,382,0.275,0.52,0.524,NORMAL
IMG_3303.JPG,131644,38851,92793,226,206,429,396,0.295,0.527,0.52,NORMAL
IMG_3304.JPG,152179,32252,119927,206,200,455,415,0.212,0.453,0.482,NORMAL
IMG_3305.JPG,133287,53480,79807,283,246,435,383,0.401,0.651,0.642,GLAUCOMA  SUSUPECT
IMG_3306.JPG,143262,60338,82924,236,318,388,457,0.421,0.608,0.696,GLAUCOMA  SUSUPECT
IMG_3307.JPG,148335,47837,100498,226,255,415,445,0.322,0.545,0.573,NORMAL
IMG_3308.JPG,168116,69710,98406,327,277,512,416,0.415,0.639,0.666,GLAUCOMA  SUSUPECT
IMG_3309.JPG,153628,57393,96235,304,244,493,407,0.374,0.617,0.6,GLAUCOMA  SUSUPECT
IMG_3310.JPG,159110,71549,87561,295,308,459,445,0.45,0.643,0.692,GLAUCOMA  SUSUPECT
IMG_3312.JPG,154307,49688,104619,248,249,452,428,0.322,0.549,0.582,NORMAL
IMG_3313.JPG,158729,39604,119125,215,239,463,423,0.25,0.464,0.565,NORMAL
IMG_3314.JPG,113315,34380,78935,209,193,405,348,0.303,0.516,0.555,NORMAL
IMG_3315.JPG,97091,28325,68766,200,188,378,327,0.292,0.529,0.575,NORMAL
IMG_3316.JPG,131627,30938,100689,184,204,437,381,0.235,0.421,0.535,NORMAL
IMG_3317.JPG,119829,41666,78163,223,231,414,359,0.348,0.539,0.643,NORMAL
IMG_3318.JPG,133832,43091,90741,242,213,429,395,0.322,0.564,0.539,NORMAL
IMG_3319.JPG,168406,68840,99566,294,300,468,459,0.409,0.628,0.654,GLAUCOMA  SUSUPECT
IMG_3320.JPG,162611,70339,92272,299,306,470,442,0.433,0.636,0.692,GLAUCOMA  SUSUPECT
IMG_3321.JPG,151311,57584,93727,250,295,455,426,0.381,0.549,0.692,NORMAL
IMG_3322.JPG,140580,51984,88596,254,269,423,421,0.37,0.6,0.639,GLAUCOMA  SUSUPECT
IMG_3323.JPG,155781,50649,105132,258,249,454,432,0.325,0.568,0.576,NORMAL
IMG_3324.JPG,122807,31932,90875,197,213,381,421,0.26,0.517,0.506,NORMAL
IMG_3326.JPG,132569,32331,100238,190,232,395,416,0.244,0.481,0.558,NORMAL
IMG_3327.JPG,132217,47497,84720,246,243,402,411,0.359,0.612,0.591,GLAUCOMA  SUSUPECT
IMG_3328.JPG,128188,41779,86409,216,245,411,395,0.326,0.526,0.62,NORMAL
IMG_3331.JPG,151040,44860,106180,240,240,446,425,0.297,0.538,0.565,NORMAL
IMG_3332.JPG,149246,44472,104774,248,222,437,427,0.298,0.568,0.52,NORMAL
IMG_3335.JPG,138773,39778,98995,222,228,439,399,0.287,0.506,0.571,NORMAL
IMG_3336.JPG,136739,37998,98741,232,214,440,403,0.278,0.527,0.531,NORMAL
IMG_3337.JPG,157955,33748,124207,213,200,467,424,0.214,0.456,0.472,NORMAL
IMG_3338.JPG,133093,43063,90030,242,242,436,380,0.324,0.555,0.637,NORMAL
IMG_3339.JPG,190378,85309,105069,336,324,526,469,0.448,0.639,0.691,GLAUCOMA  SUSUPECT
IMG_3340.JPG,185477,81300,104177,336,307,524,456,0.438,0.641,0.673,GLAUCOMA  SUSUPECT
IMG_3341.JPG,128669,39973,88696,244,204,448,360,0.311,0.545,0.567,NORMAL
IMG_3342.JPG,129557,38148,91409,241,216,450,370,0.294,0.536,0.584,NORMAL
IMG_3345.JPG,89400,31508,57892,211,193,345,324,0.352,0.612,0.596,GLAUCOMA  SUSUPECT
IMG_3346.JPG,95236,25086,70150,180,183,353,346,0.263,0.51,0.529,NORMAL
IMG_3347.JPG,119784,22039,97745,176,151,403,374,0.184,0.437,0.404,NORMAL
IMG_3348.JPG,117785,30534,87251,204,193,396,381,0.259,0.515,0.507,NORMAL
IMG_3349.JPG,112732,32630,80102,206,207,409,351,0.289,0.504,0.59,NORMAL
IMG_3350.JPG,110782,25333,85449,155,220,414,341,0.229,0.374,0.645,NORMAL
IMG_3351.JPG,131822,33732,98090,201,215,405,427,0.256,0.496,0.504,NORMAL
IMG_3352.JPG,142261,43219,99042,218,257,429,426,0.304,0.508,0.603,NORMAL
IMG_3353.JPG,131598,31845,99753,191,211,408,408,0.242,0.468,0.517,NORMAL
IMG_3354.JPG,128597,31265,97332,183,214,405,396,0.243,0.452,0.54,NORMAL
IMG_3355.JPG,144438,48249,96189,259,247,448,408,0.334,0.578,0.605,NORMAL
IMG_3356.JPG,150105,52126,97979,247,261,465,405,0.347,0.531,0.644,NORMAL
IMG_3357.JPG,132171,53272,78899,265,252,429,390,0.403,0.618,0.646,GLAUCOMA  SUSUPECT
IMG_3358.JPG,146581,60905,85676,290,276,437,421,0.416,0.664,0.656,GLAUCOMA  SUSUPECT
IMG_3359.JPG,149707,62637,87070,298,272,468,409,0.418,0.637,0.665,GLAUCOMA  SUSUPECT
IMG_3360.JPG,175805,80435,95370,336,314,516,443,0.458,0.651,0.709,GLAUCOMA  SUSUPECT
IMG_3361.JPG,118478,25444,93034,165,195,387,393,0.215,0.426,0.496,NORMAL
IMG_3362.JPG,113957,21364,92593,169,164,371,385,0.187,0.456,0.426,NORMAL
IMG_3363.JPG,158145,33347,124798,226,191,461,423,0.211,0.49,0.452,NORMAL
IMG_3364.JPG,135845,28364,107481,194,177,433,394,0.209,0.448,0.449,NORMAL
IMG_3365.JPG,162194,58549,103645,279,249,491,427,0.361,0.568,0.583,NORMAL
IMG_3366.JPG,180159,71456,108703,303,296,497,463,0.397,0.61,0.639,GLAUCOMA  SUSUPECT
IMG_3367.JPG,176483,48265,128218,257,233,465,473,0.273,0.553,0.493,NORMAL
IMG_3368.JPG,171065,59734,111331,255,293,456,480,0.349,0.559,0.61,NORMAL
IMG_3369.JPG,184501,82259,102242,330,320,487,483,0.446,0.678,0.663,GLAUCOMA  SUSUPECT
IMG_3370.JPG,185050,80579,104471,316,328,502,475,0.435,0.629,0.691,GLAUCOMA  SUSUPECT
IMG_3371.JPG,181243,59287,121956,277,273,488,471,0.327,0.568,0.58,NORMAL
IMG_3372.JPG,170655,66005,104650,282,296,476,464,0.387,0.592,0.638,NORMAL
IMG_3373.JPG,145954,45023,100931,255,226,438,430,0.308,0.582,0.526,NORMAL
IMG_3374.JPG,146415,38167,108248,224,206,426,428,0.261,0.526,0.481,NORMAL
IMG_3375.JPG,140172,27389,112783,188,186,433,414,0.195,0.434,0.449,NORMAL
IMG_3376.JPG,154357,33189,121168,214,193,480,410,0.215,0.446,0.471,NORMAL
IMG_3377.JPG,174396,69297,105099,305,288,488,447,0.397,0.625,0.644,GLAUCOMA  SUSUPECT
IMG_3378.JPG,161795,56701,105094,283,254,488,429,0.35,0.58,0.592,NORMAL
IMG_3379.JPG,144210,37282,106928,234,208,464,399,0.259,0.504,0.521,NORMAL
IMG_3380.JPG,159752,43723,116029,256,213,483,398,0.274,0.53,0.535,NORMAL
IMG_3381.JPG,189767,57526,132241,277,271,500,494,0.303,0.554,0.549,NORMAL
IMG_3382.JPG,171784,56758,115026,248,292,474,464,0.33,0.523,0.629,NORMAL
IMG_3383.JPG,163417,62341,101076,270,296,437,471,0.381,0.618,0.628,GLAUCOMA  SUSUPECT
IMG_3384.JPG,169501,53630,115871,254,269,458,469,0.316,0.555,0.574,NORMAL
IMG_3385.JPG,182605,47351,135254,233,257,465,495,0.259,0.501,0.519,NORMAL
IMG_3386.JPG,179813,53248,126565,244,275,479,489,0.296,0.509,0.562,NORMAL
IMG_3387.JPG,182676,45752,136924,237,242,499,461,0.25,0.475,0.525,NORMAL
IMG_3388.JPG,191950,47704,144246,267,228,515,458,0.249,0.518,0.498,NORMAL
IMG_3389.JPG,124551,43097,81454,231,235,397,395,0.346,0.582,0.595,NORMAL
IMG_3390.JPG,125675,49262,76413,242,257,408,396,0.392,0.593,0.649,NORMAL
IMG_3391.JPG,165320,57541,107779,254,285,471,454,0.348,0.539,0.628,NORMAL
IMG_3392.JPG,151908,54701,97207,263,268,440,434,0.36,0.598,0.618,NORMAL
IMG_3393.JPG,225714,111622,114092,390,359,539,532,0.495,0.724,0.675,GLAUCOMA  SUSUPECT
IMG_3394.JPG,217937,98979,118958,361,351,534,514,0.454,0.676,0.683,GLAUCOMA  SUSUPECT
IMG_3395.JPG,164006,37212,126794,199,244,441,470,0.227,0.451,0.519,NORMAL
IMG_3396.JPG,162350,45853,116497,230,251,440,466,0.282,0.523,0.539,NORMAL
IMG_3397.JPG,136411,37268,99143,212,232,430,402,0.273,0.493,0.577,NORMAL
IMG_3398.JPG,126981,37485,89496,215,220,418,392,0.295,0.514,0.561,NORMAL
IMG_3399.JPG,152524,41488,111036,221,237,457,417,0.272,0.484,0.568,NORMAL
IMG_3400.JPG,157206,42833,114373,251,221,464,430,0.272,0.541,0.514,NORMAL
IMG_3401.JPG,116012,34181,81831,209,205,401,364,0.295,0.521,0.563,NORMAL
IMG_3403.JPG,169434,74556,94878,305,303,491,432,0.44,0.621,0.701,GLAUCOMA  SUSUPECT
IMG_3404.JPG,164730,63642,101088,279,290,481,440,0.386,0.58,0.659,NORMAL
IMG_3405.JPG,142343,56671,85672,269,274,430,419,0.398,0.626,0.654,GLAUCOMA  SUSUPECT
IMG_3406.JPG,149285,66842,82443,296,302,418,444,0.448,0.708,0.68,GLAUCOMA  SUSUPECT
IMG_3407.JPG,144235,60007,84228,256,293,423,425,0.416,0.605,0.689,GLAUCOMA  SUSUPECT
IMG_3411.JPG,131544,31578,99966,202,196,435,382,0.24,0.464,0.513,NORMAL
IMG_3412.JPG,163357,71754,91603,309,296,480,436,0.439,0.644,0.679,GLAUCOMA  SUSUPECT
IMG_3413.JPG,149661,61370,88291,267,288,446,426,0.41,0.599,0.676,GLAUCOMA  SUSUPECT
IMG_3414.JPG,138902,38780,100122,236,204,435,404,0.279,0.543,0.505,NORMAL
IMG_3415.JPG,108760,22583,86177,167,172,374,374,0.208,0.447,0.46,NORMAL
IMG_3416.JPG,133184,43223,89961,230,247,436,397,0.325,0.528,0.622,NORMAL
IMG_3417.JPG,147160,36966,110194,220,215,441,420,0.251,0.499,0.512,NORMAL
IMG_3418.JPG,126878,39169,87709,210,241,409,381,0.309,0.513,0.633,NORMAL
IMG_3419.JPG,127424,43020,84404,238,225,417,392,0.338,0.571,0.574,NORMAL
IMG_3420.JPG,154064,45260,108804,246,247,435,447,0.294,0.566,0.553,NORMAL
IMG_3421.JPG,161355,63804,97551,283,289,464,451,0.395,0.61,0.641,GLAUCOMA  SUSUPECT
IMG_3422.JPG,148144,50248,97896,256,248,436,429,0.339,0.587,0.578,NORMAL
IMG_3423.JPG,157631,53180,104451,249,263,450,438,0.337,0.553,0.6,NORMAL
IMG_3424.JPG,154882,44941,109941,262,239,465,435,0.29,0.563,0.549,NORMAL
IMG_3425.JPG,120551,31225,89326,198,204,398,390,0.259,0.497,0.523,NORMAL
IMG_3426.JPG,116723,27396,89327,210,176,398,367,0.235,0.528,0.48,NORMAL
IMG_3427.JPG,185063,67854,117209,288,278,492,470,0.367,0.585,0.591,NORMAL
IMG_3428.JPG,163798,62288,101510,275,285,452,460,0.38,0.608,0.62,GLAUCOMA  SUSUPECT
IMG_3429.JPG,246567,95102,151465,391,322,611,513,0.386,0.64,0.628,GLAUCOMA  SUSUPECT
IMG_3430.JPG,222914,79342,143572,329,310,569,495,0.356,0.578,0.626,NORMAL
IMG_3431.JPG,202866,82152,120714,305,344,487,531,0.405,0.626,0.648,GLAUCOMA  SUSUPECT
IMG_3432.JPG,197583,65492,132091,269,306,505,501,0.331,0.533,0.611,NORMAL
IMG_3434.JPG,200433,73780,126653,330,286,528,477,0.368,0.625,0.6,GLAUCOMA  SUSUPECT
IMG_3435.JPG,181290,55593,125697,280,254,508,455,0.307,0.551,0.558,NORMAL
IMG_3436.JPG,138151,37032,101119,211,225,405,427,0.268,0.521,0.527,NORMAL
IMG_3437.JPG,174914,60769,114145,292,267,491,460,0.347,0.595,0.58,NORMAL
IMG_3438.JPG,151307,48219,103088,247,250,451,428,0.319,0.548,0.584,NORMAL
IMG_3439.JPG,167831,53881,113950,277,246,483,443,0.321,0.573,0.555,NORMAL
IMG_3440.JPG,163632,36093,127539,230,203,524,400,0.221,0.439,0.507,NORMAL
IMG_3441.JPG,155201,40392,114809,232,219,485,403,0.26,0.478,0.543,NORMAL
IMG_3442.JPG,158144,34185,123959,208,213,485,410,0.216,0.429,0.52,NORMAL
IMG_3443.JPG,206339,52114,154225,248,261,520,506,0.253,0.477,0.516,NORMAL
IMG_3444.JPG,193808,54550,139258,238,273,501,492,0.281,0.475,0.555,NORMAL
IMG_3445.JPG,150073,67139,82934,279,295,441,430,0.447,0.633,0.686,GLAUCOMA  SUSUPECT
IMG_3446.JPG,159896,55346,104550,273,263,471,431,0.346,0.58,0.61,NORMAL
IMG_3447.JPG,151631,51281,100350,260,250,457,418,0.338,0.569,0.598,NORMAL
IMG_3448.JPG,141424,47770,93654,254,242,452,399,0.338,0.562,0.607,NORMAL
IMG_3449.JPG,169001,45049,123952,234,246,467,460,0.267,0.501,0.535,NORMAL
IMG_3450.JPG,145642,32453,113189,207,200,438,423,0.223,0.473,0.473,NORMAL
IMG_3451.JPG,199094,89014,110080,342,327,527,484,0.447,0.649,0.676,GLAUCOMA  SUSUPECT
IMG_3452.JPG,121793,30741,91052,197,200,403,384,0.252,0.489,0.521,NORMAL
IMG_3453.JPG,208526,67252,141274,294,289,542,486,0.323,0.542,0.595,NORMAL
IMG_3454.JPG,183107,63232,119875,304,267,519,458,0.345,0.586,0.583,NORMAL
IMG_3455.JPG,149221,37728,111493,228,215,454,421,0.253,0.502,0.511,NORMAL
IMG_3456.JPG,162110,43034,119076,238,249,479,428,0.265,0.497,0.582,NORMAL
IMG_3457.JPG,139043,39218,99825,234,204,447,387,0.282,0.523,0.527,NORMAL
IMG_3458.JPG,128480,34905,93575,227,187,428,382,0.272,0.53,0.49,NORMAL
IMG_3459.JPG,130332,45308,85024,255,227,417,397,0.348,0.612,0.572,GLAUCOMA  SUSUPECT
IMG_3460.JPG,129123,39894,89229,249,213,443,371,0.309,0.562,0.574,NORMAL
IMG_3461.JPG,133498,30795,102703,206,194,425,396,0.231,0.485,0.49,NORMAL
IMG_3462.JPG,121549,34635,86914,218,203,417,369,0.285,0.523,0.55,NORMAL
IMG_3463.JPG,217330,77676,139654,313,319,558,509,0.357,0.561,0.627,NORMAL
IMG_3464.JPG,245117,95062,150055,343,346,568,552,0.388,0.604,0.627,GLAUCOMA  SUSUPECT
IMG_3465.JPG,139379,33842,105537,209,205,434,412,0.243,0.482,0.498,NORMAL
IMG_3466.JPG,125030,27445,97585,193,188,413,386,0.22,0.467,0.487,NORMAL
IMG_3467.JPG,141686,51526,90160,271,243,463,393,0.364,0.585,0.618,NORMAL
IMG_3468.JPG,134365,46748,87617,252,224,436,395,0.348,0.578,0.567,NORMAL
IMG_3469.JPG,143380,27280,116100,193,186,433,423,0.19,0.446,0.44,NORMAL
IMG_3470.JPG,109130,25823,83307,176,194,381,359,0.237,0.462,0.54,NORMAL
IMG_3471.JPG,182644,43777,138867,234,244,501,455,0.24,0.467,0.536,NORMAL
IMG_3472.JPG,157197,41113,116084,229,222,460,437,0.262,0.498,0.508,NORMAL
IMG_3473.JPG,139091,53148,85943,279,244,436,414,0.382,0.64,0.589,GLAUCOMA  SUSUPECT
IMG_3474.JPG,154223,56916,97307,294,251,458,422,0.369,0.642,0.595,GLAUCOMA  SUSUPECT
IMG_3475.JPG,128918,32337,96581,218,191,440,375,0.251,0.495,0.509,NORMAL
IMG_3476.JPG,123128,28358,94770,203,181,425,372,0.23,0.478,0.487,NORMAL
IMG_3477.JPG,149050,45657,103393,258,226,464,422,0.306,0.556,0.536,NORMAL
IMG_3478.JPG,147524,59189,88335,286,254,460,411,0.401,0.622,0.618,GLAUCOMA  SUSUPECT
IMG_3479.JPG,208828,89176,119652,327,339,543,494,0.427,0.602,0.686,GLAUCOMA  SUSUPECT
IMG_3480.JPG,187698,70720,116978,333,283,520,463,0.377,0.64,0.611,GLAUCOMA  SUSUPECT
IMG_3481.JPG,155580,62373,93207,292,269,451,428,0.401,0.647,0.629,GLAUCOMA  SUSUPECT
IMG_3482.JPG,149500,56211,93289,249,286,437,436,0.376,0.57,0.656,NORMAL
IMG_3483.JPG,152704,34465,118239,218,191,480,409,0.226,0.454,0.467,NORMAL
IMG_3484.JPG,151676,31572,120104,222,188,469,410,0.208,0.473,0.459,NORMAL
IMG_3485.JPG,139859,41316,98543,257,215,447,397,0.295,0.575,0.542,NORMAL
IMG_3486.JPG,130427,50031,80396,264,234,425,384,0.384,0.621,0.609,GLAUCOMA  SUSUPECT
IMG_3487.JPG,171891,79032,92859,309,311,479,456,0.46,0.645,0.682,GLAUCOMA  SUSUPECT
IMG_3488.JPG,156041,67829,88212,303,286,465,436,0.435,0.652,0.656,GLAUCOMA  SUSUPECT
IMG_3489.JPG,152258,47941,104317,249,240,449,431,0.315,0.555,0.557,NORMAL
IMG_3490.JPG,149831,56210,93621,261,268,446,416,0.375,0.585,0.644,NORMAL
IMG_3491.JPG,191864,78010,113854,305,326,497,485,0.407,0.614,0.672,GLAUCOMA  SUSUPECT
IMG_3492.JPG,188765,64530,124235,272,302,498,488,0.342,0.546,0.619,NORMAL
IMG_3493.JPG,129133,47755,81378,233,256,416,398,0.37,0.56,0.643,NORMAL
IMG_3494.JPG,145034,56890,88144,284,269,435,421,0.392,0.653,0.639,GLAUCOMA  SUSUPECT
IMG_3495.JPG,152183,54804,97379,272,252,471,416,0.36,0.577,0.606,NORMAL
IMG_3496.JPG,155998,59018,96980,291,255,467,420,0.378,0.623,0.607,GLAUCOMA  SUSUPECT
IMG_3497.JPG,137840,47099,90741,240,235,421,419,0.342,0.57,0.561,NORMAL
IMG_3498.JPG,114482,36549,77933,222,203,398,374,0.319,0.558,0.543,NORMAL
IMG_3499.JPG,208324,84429,123895,325,330,539,499,0.405,0.603,0.661,GLAUCOMA  SUSUPECT
IMG_3500.JPG,197010,78950,118060,322,305,513,498,0.401,0.628,0.612,GLAUCOMA  SUSUPECT
IMG_3502.JPG,106796,26259,80537,199,166,408,330,0.246,0.488,0.503,NORMAL
IMG_3503.JPG,182566,68864,113702,307,292,497,461,0.377,0.618,0.633,GLAUCOMA  SUSUPECT
IMG_3504.JPG,186356,71659,114697,308,292,508,457,0.385,0.606,0.639,GLAUCOMA  SUSUPECT
IMG_3505.JPG,143273,45234,98039,236,239,437,412,0.316,0.54,0.58,NORMAL
IMG_3506.JPG,120477,38129,82348,219,221,403,375,0.316,0.543,0.589,NORMAL
IMG_3507.JPG,160351,57875,102476,267,272,458,451,0.361,0.583,0.603,NORMAL
IMG_3508.JPG,157952,55698,102254,258,276,445,453,0.353,0.58,0.609,NORMAL
IMG_3509.JPG,122658,37660,84998,223,214,399,396,0.307,0.559,0.54,NORMAL
IMG_3510.JPG,139430,30484,108946,192,202,431,411,0.219,0.445,0.491,NORMAL
IMG_3511.JPG,133102,40312,92790,223,231,425,389,0.303,0.525,0.594,NORMAL
IMG_3512.JPG,159124,44028,115096,238,238,477,432,0.277,0.499,0.551,NORMAL
IMG_3513.JPG,158975,50922,108053,262,251,486,431,0.32,0.539,0.582,NORMAL
IMG_3516.JPG,159103,52963,106140,269,251,464,436,0.333,0.58,0.576,NORMAL
IMG_3517.JPG,168752,53441,115311,264,249,490,427,0.317,0.539,0.583,NORMAL
IMG_3518.JPG,145051,51395,93656,258,254,449,401,0.354,0.575,0.633,NORMAL
IMG_3519.JPG,154677,63061,91616,284,281,453,441,0.408,0.627,0.637,GLAUCOMA  SUSUPECT
IMG_3520.JPG,97845,28358,69487,194,190,374,329,0.29,0.519,0.578,NORMAL
IMG_3521.JPG,96001,27483,68518,186,190,360,344,0.286,0.517,0.552,NORMAL
IMG_3523.JPG,132956,48821,84135,258,244,429,395,0.367,0.601,0.618,GLAUCOMA  SUSUPECT
IMG_3524.JPG,127256,36884,90372,212,228,414,385,0.29,0.512,0.592,NORMAL
IMG_3525.JPG,136941,32788,104153,207,201,415,418,0.239,0.499,0.481,NORMAL
IMG_3526.JPG,126739,33231,93508,196,218,414,388,0.262,0.473,0.562,NORMAL
IMG_3527.JPG,176734,68298,108436,294,300,488,475,0.386,0.602,0.632,GLAUCOMA  SUSUPECT
IMG_3528.JPG,150178,55500,94678,256,273,455,425,0.37,0.563,0.642,NORMAL
IMG_3529.JPG,134328,35203,99125,214,206,435,396,0.262,0.492,0.52,NORMAL
IMG_3530.JPG,126563,45792,80771,236,242,414,378,0.362,0.57,0.64,NORMAL
IMG_3531.JPG,132305,36630,95675,232,209,439,382,0.277,0.528,0.547,NORMAL
IMG_3532.JPG,117592,32064,85528,206,199,396,373,0.273,0.52,0.534,NORMAL
IMG_3533.JPG,122626,31262,91364,200,194,398,387,0.255,0.503,0.501,NORMAL
IMG_3534.JPG,121563,28393,93170,187,193,395,386,0.234,0.473,0.5,NORMAL
IMG_3535.JPG,123086,40014,83072,244,210,408,381,0.325,0.598,0.551,NORMAL
IMG_3536.JPG,112944,31939,81005,206,205,374,378,0.283,0.551,0.542,NORMAL
IMG_3537.JPG,145960,34235,111725,197,222,439,411,0.235,0.449,0.54,NORMAL
IMG_3538.JPG,130020,34304,95716,204,228,431,385,0.264,0.473,0.592,NORMAL
IMG_3539.JPG,118691,34110,84581,214,215,400,377,0.287,0.535,0.57,NORMAL
IMG_3540.JPG,118404,25732,92672,175,188,387,386,0.217,0.452,0.487,NORMAL
IMG_3541.JPG,224940,104814,120126,361,364,575,496,0.466,0.628,0.734,GLAUCOMA  SUSUPECT
IMG_3542.JPG,191696,78505,113191,321,305,517,473,0.41,0.621,0.645,GLAUCOMA  SUSUPECT
IMG_3543.JPG,144228,48715,95513,280,220,476,386,0.338,0.588,0.57,NORMAL
IMG_3544.JPG,156594,52912,103682,282,241,498,400,0.338,0.566,0.603,NORMAL
IMG_3545.JPG,219380,97990,121390,362,348,548,517,0.447,0.661,0.673,GLAUCOMA  SUSUPECT
IMG_3546.JPG,192148,94799,97349,364,334,507,476,0.493,0.718,0.702,GLAUCOMA  SUSUPECT
IMG_3547.JPG,131825,33616,98209,216,210,429,391,0.255,0.503,0.537,NORMAL
IMG_3548.JPG,102832,31672,71160,201,205,374,347,0.308,0.537,0.591,NORMAL
IMG_3549.JPG,138944,44954,93990,255,222,446,396,0.324,0.572,0.561,NORMAL
IMG_3550.JPG,145913,45625,100288,264,218,458,399,0.313,0.576,0.546,NORMAL
IMG_3555.JPG,166284,58367,107917,285,253,477,454,0.351,0.597,0.557,NORMAL
IMG_3556.JPG,139990,50347,89643,249,261,438,415,0.36,0.568,0.629,NORMAL
IMG_3557.JPG,134955,51026,83929,245,271,415,404,0.378,0.59,0.671,NORMAL
IMG_3558.JPG,160274,48416,111858,243,256,457,450,0.302,0.532,0.569,NORMAL
IMG_3560.JPG,138164,60443,77721,276,292,425,413,0.437,0.649,0.707,GLAUCOMA  SUSUPECT
IMG_3561.JPG,132795,47851,84944,248,256,404,423,0.36,0.614,0.605,GLAUCOMA  SUSUPECT
IMG_3562.JPG,147405,53885,93520,237,284,434,434,0.366,0.546,0.654,NORMAL
IMG_3563.JPG,144222,49957,94265,251,259,431,419,0.346,0.582,0.618,NORMAL
IMG_3564.JPG,172918,47573,125345,262,236,489,438,0.275,0.536,0.539,NORMAL
IMG_3567.JPG,159623,54198,105425,260,262,455,451,0.34,0.571,0.581,NORMAL
IMG_3568.JPG,139113,35379,103734,215,219,448,404,0.254,0.48,0.542,NORMAL
IMG_3569.JPG,143683,54720,88963,271,260,448,408,0.381,0.605,0.637,GLAUCOMA  SUSUPECT
IMG_3570.JPG,123738,38796,84942,219,226,389,405,0.314,0.563,0.558,NORMAL
IMG_3571.JPG,135998,41995,94003,231,242,438,395,0.309,0.527,0.613,NORMAL
IMG_3572.JPG,92318,16537,75781,155,140,361,336,0.179,0.429,0.417,NORMAL
IMG_3573.JPG,95734,17750,77984,150,158,352,345,0.185,0.426,0.458,NORMAL
IMG_3574.JPG,135422,38110,97312,226,220,429,405,0.281,0.527,0.543,NORMAL
IMG_3575.JPG,129655,38025,91630,234,215,429,382,0.293,0.545,0.563,NORMAL
IMG_3576.JPG,128855,52645,76210,262,267,406,409,0.409,0.645,0.653,GLAUCOMA  SUSUPECT
IMG_3577.JPG,143061,58946,84115,292,273,426,421,0.412,0.685,0.648,GLAUCOMA  SUSUPECT
IMG_3579.JPG,132118,41588,90530,224,237,414,405,0.315,0.541,0.585,NORMAL
IMG_3580.JPG,113441,25529,87912,186,180,388,363,0.225,0.479,0.496,NORMAL
IMG_3581.JPG,145173,46948,98225,275,226,496,379,0.323,0.554,0.596,NORMAL
IMG_3582.JPG,143808,46132,97676,253,229,469,392,0.321,0.539,0.584,NORMAL
IMG_3583.JPG,124189,39965,84224,234,211,434,359,0.322,0.539,0.588,NORMAL
IMG_3584.JPG,131325,47464,83861,264,228,449,367,0.361,0.588,0.621,NORMAL
IMG_3585.JPG,105122,31598,73524,214,188,386,342,0.301,0.554,0.55,NORMAL
IMG_3586.JPG,126175,42547,83628,225,243,407,401,0.337,0.553,0.606,NORMAL
IMG_3587.JPG,140396,48588,91808,239,255,418,429,0.346,0.572,0.594,NORMAL
IMG_3588.JPG,135872,48312,87560,245,253,403,427,0.356,0.608,0.593,GLAUCOMA  SUSUPECT
IMG_3589.JPG,119780,38670,81110,210,241,400,385,0.323,0.525,0.626,NORMAL
IMG_3590.JPG,124384,33159,91225,211,200,403,389,0.267,0.524,0.514,NORMAL
IMG_3591.JPG,180968,55945,125023,271,255,492,468,0.309,0.551,0.545,NORMAL
IMG_3592.JPG,159413,54093,105320,275,252,472,424,0.339,0.583,0.594,NORMAL
IMG_3593.JPG,131499,30689,100810,195,202,425,397,0.233,0.459,0.509,NORMAL
IMG_3594.JPG,140914,36753,104161,237,207,442,412,0.261,0.536,0.502,NORMAL
IMG_3595.JPG,121142,44968,76174,247,234,394,386,0.371,0.627,0.606,GLAUCOMA  SUSUPECT
IMG_3596.JPG,131568,51618,79950,249,265,400,408,0.392,0.623,0.65,GLAUCOMA  SUSUPECT
IMG_3597.JPG,123623,32805,90818,196,206,389,401,0.265,0.504,0.514,NORMAL
IMG_3600.JPG,149310,50646,98664,245,257,444,427,0.339,0.552,0.602,NORMAL
IMG_3603.JPG,153179,68014,85165,286,304,449,436,0.444,0.637,0.697,GLAUCOMA  SUSUPECT
IMG_3604.JPG,143632,51523,92109,266,253,441,407,0.359,0.603,0.622,GLAUCOMA  SUSUPECT
IMG_3605.JPG,136020,41115,94905,215,240,402,424,0.302,0.535,0.566,NORMAL
IMG_3606.JPG,135002,38618,96384,205,238,409,417,0.286,0.501,0.571,NORMAL
IMG_3619.JPG,161273,53040,108233,259,253,455,453,0.329,0.569,0.558,NORMAL
IMG_3622.JPG,163316,57900,105416,274,264,467,441,0.355,0.587,0.599,NORMAL
IMG_3625.JPG,133830,42543,91287,256,216,452,382,0.318,0.566,0.565,NORMAL
IMG_3626.JPG,111183,29917,81266,192,201,403,358,0.269,0.476,0.561,NORMAL
IMG_3631.JPG,176807,60724,116083,283,273,473,472,0.343,0.598,0.578,NORMAL
IMG_3632.JPG,145535,52545,92990,260,262,445,423,0.361,0.584,0.619,NORMAL
IMG_3633.JPG,151159,52786,98373,269,242,452,413,0.349,0.595,0.586,NORMAL
IMG_3634.JPG,140667,35478,105189,218,216,454,387,0.252,0.48,0.558,NORMAL
IMG_3635.JPG,176870,90071,86799,362,312,504,467,0.509,0.718,0.668,GLAUCOMA  SUSUPECT
IMG_3636.JPG,167794,75538,92256,313,299,481,449,0.45,0.651,0.666,GLAUCOMA  SUSUPECT
IMG_3637.JPG,135229,36781,98448,214,216,412,413,0.272,0.519,0.523,NORMAL
IMG_3638.JPG,137197,37224,99973,210,215,428,406,0.271,0.491,0.53,NORMAL
IMG_3639.JPG,144081,56752,87329,278,254,439,413,0.394,0.633,0.615,GLAUCOMA  SUSUPECT
IMG_3640.JPG,150056,49118,100938,258,242,456,413,0.327,0.566,0.586,NORMAL
IMG_3641.JPG,183096,67272,115824,298,290,513,457,0.367,0.581,0.635,NORMAL
IMG_3642.JPG,163794,49140,114654,243,253,489,432,0.3,0.497,0.586,NORMAL
IMG_3643.JPG,138846,37923,100923,226,207,440,412,0.273,0.514,0.502,NORMAL
IMG_3644.JPG,122347,31874,90473,215,196,426,367,0.261,0.505,0.534,NORMAL
IMG_3646.JPG,128987,28416,100571,198,184,436,389,0.22,0.454,0.473,NORMAL
IMG_3650.JPG,164671,55870,108801,269,268,477,445,0.339,0.564,0.602,NORMAL
IMG_3654.JPG,138507,43289,95218,236,229,423,422,0.313,0.558,0.543,NORMAL
IMG_3655.JPG,132498,34559,97939,210,217,420,398,0.261,0.5,0.545,NORMAL
IMG_3656.JPG,149380,33552,115828,226,192,478,396,0.225,0.473,0.485,NORMAL
IMG_3657.JPG,152043,36678,115365,228,211,483,409,0.241,0.472,0.516,NORMAL
IMG_3658.JPG,83699,24934,58765,177,188,307,355,0.298,0.577,0.53,NORMAL
IMG_3659.JPG,69110,17917,51193,130,168,281,323,0.259,0.463,0.52,NORMAL
IMG_3662.JPG,156450,67520,88930,298,284,459,432,0.432,0.649,0.657,GLAUCOMA  SUSUPECT
IMG_3663.JPG,157423,65203,92220,300,276,464,428,0.414,0.647,0.645,GLAUCOMA  SUSUPECT
IMG_3664.JPG,210497,103398,107099,377,340,553,482,0.491,0.682,0.705,GLAUCOMA  SUSUPECT
IMG_3665.JPG,196680,87311,109369,351,317,521,484,0.444,0.674,0.655,GLAUCOMA  SUSUPECT
IMG_3666.JPG,203798,85154,118644,342,317,531,479,0.418,0.644,0.662,GLAUCOMA  SUSUPECT
IMG_3667.JPG,194093,71239,122854,316,292,513,473,0.367,0.616,0.617,GLAUCOMA  SUSUPECT
IMG_3668.JPG,155106,56257,98849,262,280,444,442,0.363,0.59,0.633,NORMAL
IMG_3669.JPG,130882,43719,87163,241,234,400,410,0.334,0.603,0.571,GLAUCOMA  SUSUPECT
IMG_3670.JPG,146749,56201,90548,279,262,460,408,0.383,0.607,0.642,GLAUCOMA  SUSUPECT
IMG_3671.JPG,155532,56405,99127,288,260,472,412,0.363,0.61,0.631,GLAUCOMA  SUSUPECT
IMG_3672.JPG,130893,38419,92474,235,220,420,391,0.294,0.56,0.563,NORMAL
IMG_3673.JPG,148741,54175,94566,302,245,464,416,0.364,0.651,0.589,GLAUCOMA  SUSUPECT
IMG_3674.JPG,141990,51256,90734,284,257,440,426,0.361,0.645,0.603,GLAUCOMA  SUSUPECT
IMG_3675.JPG,148987,58051,90936,272,261,463,418,0.39,0.587,0.624,NORMAL
IMG_3676.JPG,143507,41649,101858,232,235,446,413,0.29,0.52,0.569,NORMAL
IMG_3677.JPG,148380,37104,111276,211,221,444,426,0.25,0.475,0.519,NORMAL
IMG_3678.JPG,142829,33737,109092,189,222,422,430,0.236,0.448,0.516,NORMAL
IMG_3679.JPG,155483,41310,114173,209,252,453,438,0.266,0.461,0.575,NORMAL
IMG_3681.JPG,134914,36516,98398,218,214,401,423,0.271,0.544,0.506,NORMAL
IMG_3687.JPG,148865,36249,112616,231,211,478,392,0.244,0.483,0.538,NORMAL
IMG_3688.JPG,148557,47458,101099,254,250,452,419,0.319,0.562,0.597,NORMAL
IMG_3689.JPG,134239,50011,84228,255,249,450,374,0.373,0.567,0.666,NORMAL
IMG_3690.JPG,141986,45162,96824,260,221,472,388,0.318,0.551,0.57,NORMAL
IMG_3691.JPG,148530,45224,103306,232,247,440,423,0.304,0.527,0.584,NORMAL
IMG_3692.JPG,143291,52170,91121,281,255,438,420,0.364,0.642,0.607,GLAUCOMA  SUSUPECT
IMG_3693.JPG,142605,48394,94211,242,247,441,415,0.339,0.549,0.595,NORMAL
IMG_3694.JPG,149133,48954,100179,239,261,429,448,0.328,0.557,0.583,NORMAL
IMG_3702.JPG,142137,44851,97286,244,236,444,409,0.316,0.55,0.577,NORMAL
IMG_3703.JPG,148937,38057,110880,228,212,456,417,0.256,0.5,0.508,NORMAL
IMG_3704.JPG,154855,47540,107315,247,243,464,424,0.307,0.532,0.573,NORMAL
IMG_3705.JPG,153607,45847,107760,244,243,455,424,0.298,0.536,0.573,NORMAL
IMG_3706.JPG,156041,58007,98034,276,267,464,436,0.372,0.595,0.612,NORMAL
IMG_3707.JPG,148251,59214,89037,279,266,454,424,0.399,0.615,0.627,GLAUCOMA  SUSUPECT
IMG_3708.JPG,169052,52742,116310,294,238,514,416,0.312,0.572,0.572,NORMAL
